image_path,age,gender,race
images/val-10477.jpg,40-49,Male,White
images/val-1825.jpg,30-39,Male,Southeast Asian
images/val-410.jpg,30-39,Male,Indian
images/val-4507.jpg,20-29,Female,East Asian
images/val-4013.jpg,30-39,Male,Indian
images/val-3658.jpg,3-9,Male,Latino_Hispanic
images/val-2287.jpg,40-49,Male,East Asian
images/val-1680.jpg,10-19,Female,White
images/val-8936.jpg,10-19,Female,Southeast Asian
images/val-1425.jpg,50-59,Female,Middle Eastern
images/val-9675.jpg,30-39,Male,Southeast Asian
images/val-6913.jpg,10-19,Female,Latino_Hispanic
images/val-521.jpg,3-9,Male,Latino_Hispanic
images/val-489.jpg,3-9,Male,Black
images/val-1536.jpg,20-29,Female,Latino_Hispanic
images/val-3583.jpg,30-39,Male,Southeast Asian
images/val-3812.jpg,20-29,Male,East Asian
images/val-8280.jpg,3-9,Female,Black
images/val-9864.jpg,60-69,Male,Middle Eastern
images/val-435.jpg,40-49,Female,Indian
images/val-9196.jpg,10-19,Male,Black
images/val-3258.jpg,20-29,Male,Southeast Asian
images/val-10648.jpg,10-19,Female,Latino_Hispanic
images/val-8929.jpg,50-59,Male,Black
images/val-6874.jpg,20-29,Female,East Asian
images/val-3612.jpg,30-39,Male,White
images/val-7360.jpg,30-39,Female,Black
images/val-9655.jpg,50-59,Male,Middle Eastern
images/val-4558.jpg,20-29,Female,Southeast Asian
images/val-107.jpg,30-39,Male,Southeast Asian
images/val-2616.jpg,30-39,Male,Latino_Hispanic
images/val-6925.jpg,40-49,Female,Black
images/val-5575.jpg,30-39,Female,White
images/val-4553.jpg,50-59,Male,Latino_Hispanic
images/val-2548.jpg,20-29,Female,Middle Eastern
images/val-3528.jpg,10-19,Male,Southeast Asian
images/val-5515.jpg,60-69,Female,East Asian
images/val-1675.jpg,30-39,Female,Black
images/val-1520.jpg,30-39,Male,Middle Eastern
images/val-6225.jpg,40-49,Male,Indian
images/val-1585.jpg,20-29,Female,Latino_Hispanic
images/val-5882.jpg,20-29,Male,Middle Eastern
images/val-5636.jpg,0-2,Male,Black
images/val-9892.jpg,3-9,Female,Black
images/val-4334.jpg,60-69,Female,Southeast Asian
images/val-712.jpg,30-39,Male,Middle Eastern
images/val-7528.jpg,10-19,Female,Black
images/val-8786.jpg,30-39,Female,East Asian
images/val-2046.jpg,20-29,Female,Black
images/val-6202.jpg,20-29,Female,Middle Eastern
images/val-1292.jpg,30-39,Male,Indian
images/val-9045.jpg,40-49,Male,Indian
images/val-4804.jpg,30-39,Male,Southeast Asian
images/val-10300.jpg,40-49,Female,White
images/val-10134.jpg,30-39,Female,Southeast Asian
images/val-5926.jpg,20-29,Female,East Asian
images/val-9460.jpg,60-69,Male,White
images/val-3151.jpg,30-39,Male,Indian
images/val-1140.jpg,30-39,Female,East Asian
images/val-751.jpg,20-29,Female,Latino_Hispanic
images/val-10835.jpg,30-39,Male,Middle Eastern
images/val-3734.jpg,30-39,Male,Southeast Asian
images/val-4742.jpg,40-49,Female,Indian
images/val-1308.jpg,3-9,Male,East Asian
images/val-3815.jpg,3-9,Male,White
images/val-1655.jpg,30-39,Male,Southeast Asian
images/val-6228.jpg,20-29,Female,White
images/val-4555.jpg,3-9,Female,Latino_Hispanic
images/val-7429.jpg,20-29,Female,Southeast Asian
images/val-10416.jpg,30-39,Male,White
images/val-5978.jpg,20-29,Female,White
images/val-2665.jpg,40-49,Female,East Asian
images/val-6066.jpg,0-2,Male,East Asian
images/val-5821.jpg,20-29,Female,White
images/val-3433.jpg,50-59,Female,Middle Eastern
images/val-4375.jpg,30-39,Female,Latino_Hispanic
images/val-10618.jpg,10-19,Male,East Asian
images/val-1170.jpg,20-29,Male,Middle Eastern
images/val-9981.jpg,10-19,Male,Black
images/val-10404.jpg,3-9,Male,East Asian
images/val-2804.jpg,10-19,Male,Southeast Asian
images/val-8752.jpg,20-29,Male,Black
images/val-4011.jpg,40-49,Male,Southeast Asian
images/val-2678.jpg,10-19,Female,Black
images/val-7574.jpg,20-29,Male,Black
images/val-6217.jpg,30-39,Male,Latino_Hispanic
images/val-4423.jpg,30-39,Male,Indian
images/val-10486.jpg,20-29,Male,Black
images/val-9126.jpg,20-29,Female,Southeast Asian
images/val-3599.jpg,20-29,Male,East Asian
images/val-5314.jpg,50-59,Female,Black
images/val-917.jpg,30-39,Female,Latino_Hispanic
images/val-3753.jpg,20-29,Male,Latino_Hispanic
images/val-526.jpg,20-29,Female,Southeast Asian
images/val-5169.jpg,3-9,Female,Southeast Asian
images/val-6573.jpg,3-9,Male,White
images/val-4387.jpg,50-59,Male,Southeast Asian
images/val-1085.jpg,30-39,Female,White
images/val-3457.jpg,20-29,Female,East Asian
images/val-9293.jpg,30-39,Male,East Asian
images/val-5156.jpg,3-9,Female,Latino_Hispanic
images/val-3484.jpg,20-29,Female,White
images/val-10739.jpg,20-29,Female,Southeast Asian
images/val-8180.jpg,60-69,Female,Latino_Hispanic
images/val-6483.jpg,30-39,Female,East Asian
images/val-10533.jpg,20-29,Male,East Asian
images/val-7518.jpg,3-9,Male,White
images/val-2341.jpg,20-29,Female,East Asian
images/val-4340.jpg,30-39,Male,Middle Eastern
images/val-2288.jpg,20-29,Female,Latino_Hispanic
images/val-4041.jpg,40-49,Female,Latino_Hispanic
images/val-9198.jpg,40-49,Female,White
images/val-8831.jpg,50-59,Male,White
images/val-4305.jpg,10-19,Female,Latino_Hispanic
images/val-9578.jpg,20-29,Female,Black
images/val-7020.jpg,20-29,Male,White
images/val-9561.jpg,20-29,Female,Black
images/val-6544.jpg,3-9,Male,White
images/val-5931.jpg,40-49,Male,Indian
images/val-3594.jpg,20-29,Female,White
images/val-2267.jpg,20-29,Female,Middle Eastern
images/val-8349.jpg,10-19,Male,White
images/val-8086.jpg,40-49,Female,Middle Eastern
images/val-1490.jpg,20-29,Male,Middle Eastern
images/val-772.jpg,30-39,Male,White
images/val-1797.jpg,10-19,Female,Southeast Asian
images/val-2505.jpg,3-9,Male,East Asian
images/val-10281.jpg,20-29,Female,East Asian
images/val-2622.jpg,20-29,Male,Black
images/val-6917.jpg,3-9,Male,Indian
images/val-9772.jpg,40-49,Female,Middle Eastern
images/val-1041.jpg,10-19,Female,Middle Eastern
images/val-6305.jpg,20-29,Female,East Asian
images/val-6253.jpg,10-19,Female,Latino_Hispanic
images/val-9764.jpg,20-29,Female,Southeast Asian
images/val-7669.jpg,30-39,Male,Middle Eastern
images/val-8670.jpg,3-9,Male,White
images/val-4120.jpg,30-39,Male,East Asian
images/val-9065.jpg,20-29,Male,Indian
images/val-189.jpg,3-9,Male,Indian
images/val-1877.jpg,10-19,Female,White
images/val-8798.jpg,20-29,Female,Southeast Asian
images/val-4372.jpg,40-49,Male,White
images/val-10502.jpg,30-39,Female,Southeast Asian
images/val-5574.jpg,3-9,Male,White
images/val-1828.jpg,3-9,Male,White
images/val-4809.jpg,30-39,Female,White
images/val-7124.jpg,60-69,Male,Southeast Asian
images/val-2592.jpg,20-29,Female,Indian
images/val-7434.jpg,50-59,Female,Black
images/val-54.jpg,20-29,Male,East Asian
images/val-4316.jpg,30-39,Female,Southeast Asian
images/val-8202.jpg,40-49,Male,East Asian
images/val-2928.jpg,30-39,Male,Indian
images/val-8318.jpg,40-49,Male,Indian
images/val-1744.jpg,30-39,Male,White
images/val-10245.jpg,30-39,Female,East Asian
images/val-4890.jpg,40-49,Female,White
images/val-10469.jpg,more than 70,Male,Black
images/val-10800.jpg,20-29,Female,White
images/val-9978.jpg,20-29,Female,Latino_Hispanic
images/val-3259.jpg,50-59,Male,Middle Eastern
images/val-10828.jpg,20-29,Male,Indian
images/val-6127.jpg,20-29,Male,White
images/val-2647.jpg,40-49,Male,Latino_Hispanic
images/val-8838.jpg,10-19,Male,White
images/val-8690.jpg,20-29,Female,East Asian
images/val-10.jpg,3-9,Male,Southeast Asian
images/val-9814.jpg,20-29,Male,East Asian
images/val-5311.jpg,20-29,Female,Southeast Asian
images/val-8006.jpg,10-19,Male,Indian
images/val-320.jpg,3-9,Male,Black
images/val-1833.jpg,10-19,Male,White
images/val-5948.jpg,20-29,Female,Middle Eastern
images/val-5039.jpg,20-29,Male,Black
images/val-3924.jpg,50-59,Female,Latino_Hispanic
images/val-950.jpg,10-19,Female,Middle Eastern
images/val-3947.jpg,20-29,Female,Southeast Asian
images/val-9296.jpg,20-29,Male,East Asian
images/val-1291.jpg,30-39,Male,East Asian
images/val-1404.jpg,30-39,Male,Middle Eastern
images/val-7963.jpg,3-9,Male,Indian
images/val-1134.jpg,30-39,Male,Southeast Asian
images/val-8728.jpg,50-59,Male,White
images/val-2061.jpg,20-29,Female,White
images/val-2104.jpg,0-2,Female,White
images/val-7788.jpg,30-39,Female,Indian
images/val-9008.jpg,30-39,Male,Middle Eastern
images/val-2706.jpg,20-29,Male,Indian
images/val-4343.jpg,20-29,Female,Indian
images/val-8646.jpg,20-29,Male,East Asian
images/val-9939.jpg,40-49,Male,Black
images/val-6933.jpg,20-29,Male,Latino_Hispanic
images/val-3471.jpg,3-9,Male,Indian
images/val-8836.jpg,30-39,Male,Middle Eastern
images/val-3296.jpg,0-2,Male,Middle Eastern
images/val-5108.jpg,20-29,Male,Latino_Hispanic
images/val-6538.jpg,30-39,Female,East Asian
images/val-10932.jpg,40-49,Female,White
images/val-6119.jpg,20-29,Male,Middle Eastern
images/val-7178.jpg,40-49,Female,Indian
images/val-8480.jpg,3-9,Male,White
images/val-7398.jpg,50-59,Male,Latino_Hispanic
images/val-1983.jpg,50-59,Male,Latino_Hispanic
images/val-4062.jpg,20-29,Male,Indian
images/val-3682.jpg,50-59,Female,White
images/val-1050.jpg,40-49,Female,White
images/val-5540.jpg,30-39,Male,Southeast Asian
images/val-345.jpg,40-49,Female,Middle Eastern
images/val-9639.jpg,10-19,Male,Middle Eastern
images/val-9076.jpg,30-39,Male,East Asian
images/val-3771.jpg,30-39,Male,Southeast Asian
images/val-9642.jpg,10-19,Female,Indian
images/val-3609.jpg,3-9,Male,White
images/val-118.jpg,30-39,Female,Indian
images/val-1164.jpg,40-49,Male,Latino_Hispanic
images/val-10340.jpg,20-29,Female,Southeast Asian
images/val-965.jpg,40-49,Female,Black
images/val-3751.jpg,20-29,Female,White
images/val-1105.jpg,20-29,Female,Middle Eastern
images/val-515.jpg,20-29,Male,Indian
images/val-5414.jpg,3-9,Male,Black
images/val-1161.jpg,30-39,Male,Middle Eastern
images/val-8424.jpg,3-9,Male,East Asian
images/val-3900.jpg,40-49,Male,Black
images/val-4563.jpg,50-59,Female,Southeast Asian
images/val-7954.jpg,20-29,Female,Black
images/val-3511.jpg,30-39,Female,White
images/val-8835.jpg,20-29,Male,White
images/val-2168.jpg,40-49,Male,Southeast Asian
images/val-9356.jpg,3-9,Female,Southeast Asian
images/val-9441.jpg,40-49,Female,Latino_Hispanic
images/val-7745.jpg,50-59,Female,Southeast Asian
images/val-3982.jpg,20-29,Male,Indian
images/val-7750.jpg,20-29,Male,Latino_Hispanic
images/val-6670.jpg,10-19,Female,White
images/val-3120.jpg,3-9,Female,Indian
images/val-1546.jpg,20-29,Female,East Asian
images/val-1589.jpg,30-39,Male,White
images/val-7063.jpg,10-19,Male,Southeast Asian
images/val-5805.jpg,30-39,Female,White
images/val-6940.jpg,more than 70,Female,Indian
images/val-6736.jpg,40-49,Female,East Asian
images/val-7652.jpg,30-39,Female,White
images/val-888.jpg,20-29,Female,Latino_Hispanic
images/val-10707.jpg,3-9,Male,Latino_Hispanic
images/val-10588.jpg,10-19,Female,Indian
images/val-1613.jpg,40-49,Male,Southeast Asian
images/val-994.jpg,50-59,Male,Middle Eastern
images/val-6597.jpg,20-29,Female,Middle Eastern
images/val-5560.jpg,20-29,Female,Middle Eastern
images/val-1791.jpg,20-29,Male,Southeast Asian
images/val-4074.jpg,30-39,Male,Latino_Hispanic
images/val-3140.jpg,40-49,Female,Indian
images/val-3117.jpg,more than 70,Male,Indian
images/val-8787.jpg,10-19,Male,Latino_Hispanic
images/val-7351.jpg,20-29,Male,Middle Eastern
images/val-2297.jpg,60-69,Male,Middle Eastern
images/val-10943.jpg,60-69,Male,East Asian
images/val-3007.jpg,20-29,Male,Black
images/val-4564.jpg,20-29,Female,East Asian
images/val-7580.jpg,50-59,Male,Middle Eastern
images/val-4093.jpg,40-49,Female,Southeast Asian
images/val-1236.jpg,40-49,Female,White
images/val-7261.jpg,3-9,Male,East Asian
images/val-9017.jpg,10-19,Female,Black
images/val-1605.jpg,20-29,Female,Latino_Hispanic
images/val-829.jpg,20-29,Male,Southeast Asian
images/val-10685.jpg,20-29,Female,Indian
images/val-8857.jpg,10-19,Female,Southeast Asian
images/val-242.jpg,60-69,Male,Middle Eastern
images/val-1529.jpg,40-49,Female,Indian
images/val-3873.jpg,20-29,Female,Latino_Hispanic
images/val-2725.jpg,30-39,Male,Black
images/val-6659.jpg,20-29,Male,Latino_Hispanic
images/val-7957.jpg,30-39,Male,Middle Eastern
images/val-7887.jpg,60-69,Female,Latino_Hispanic
images/val-3503.jpg,20-29,Female,East Asian
images/val-6571.jpg,50-59,Male,Latino_Hispanic
images/val-961.jpg,30-39,Male,Middle Eastern
images/val-2698.jpg,20-29,Female,White
images/val-6210.jpg,10-19,Female,Indian
images/val-36.jpg,50-59,Female,Black
images/val-6397.jpg,30-39,Male,East Asian
images/val-4346.jpg,30-39,Male,East Asian
images/val-7455.jpg,30-39,Female,Black
images/val-4674.jpg,20-29,Female,White
images/val-6931.jpg,20-29,Male,East Asian
images/val-9106.jpg,30-39,Female,Latino_Hispanic
images/val-7974.jpg,20-29,Female,East Asian
images/val-2537.jpg,20-29,Female,East Asian
images/val-3112.jpg,20-29,Female,East Asian
images/val-4862.jpg,20-29,Male,East Asian
images/val-3567.jpg,20-29,Male,Southeast Asian
images/val-959.jpg,40-49,Female,East Asian
images/val-9490.jpg,10-19,Male,Latino_Hispanic
images/val-8884.jpg,20-29,Female,White
images/val-999.jpg,3-9,Male,White
images/val-5139.jpg,50-59,Male,White
images/val-937.jpg,20-29,Female,Latino_Hispanic
images/val-822.jpg,30-39,Male,White
images/val-9572.jpg,20-29,Female,East Asian
images/val-7812.jpg,20-29,Male,Indian
images/val-8239.jpg,40-49,Male,Southeast Asian
images/val-8702.jpg,50-59,Male,Black
images/val-2580.jpg,10-19,Female,Black
images/val-932.jpg,20-29,Female,White
images/val-8321.jpg,30-39,Male,Indian
images/val-1313.jpg,30-39,Male,East Asian
images/val-3045.jpg,20-29,Female,White
images/val-1123.jpg,20-29,Female,Black
images/val-9750.jpg,20-29,Male,White
images/val-1114.jpg,3-9,Female,White
images/val-3854.jpg,30-39,Female,Latino_Hispanic
images/val-6616.jpg,20-29,Male,White
images/val-1965.jpg,50-59,Female,White
images/val-9334.jpg,20-29,Female,East Asian
images/val-4034.jpg,40-49,Male,Middle Eastern
images/val-9486.jpg,20-29,Male,White
images/val-9741.jpg,50-59,Male,White
images/val-652.jpg,20-29,Male,Middle Eastern
images/val-10148.jpg,20-29,Female,Indian
images/val-1344.jpg,50-59,Female,White
images/val-6869.jpg,3-9,Male,Black
images/val-9563.jpg,50-59,Female,White
images/val-9261.jpg,10-19,Male,White
images/val-8566.jpg,3-9,Male,Latino_Hispanic
images/val-5184.jpg,10-19,Female,Latino_Hispanic
images/val-4273.jpg,40-49,Female,White
images/val-3347.jpg,10-19,Female,Black
images/val-5148.jpg,20-29,Male,East Asian
images/val-3911.jpg,40-49,Male,White
images/val-4352.jpg,40-49,Female,Indian
images/val-6485.jpg,50-59,Female,Black
images/val-2145.jpg,60-69,Male,White
images/val-10576.jpg,40-49,Male,Indian
images/val-4916.jpg,20-29,Male,Indian
images/val-7492.jpg,20-29,Male,Southeast Asian
images/val-5181.jpg,30-39,Male,Southeast Asian
images/val-1189.jpg,20-29,Male,Black
images/val-153.jpg,3-9,Female,Latino_Hispanic
images/val-7509.jpg,30-39,Male,Indian
images/val-10178.jpg,3-9,Female,East Asian
images/val-9225.jpg,20-29,Male,White
images/val-1639.jpg,10-19,Male,White
images/val-1201.jpg,30-39,Male,Middle Eastern
images/val-8809.jpg,40-49,Female,Indian
images/val-3493.jpg,3-9,Female,East Asian
images/val-8289.jpg,10-19,Female,Southeast Asian
images/val-10670.jpg,3-9,Male,Southeast Asian
images/val-2171.jpg,20-29,Male,White
images/val-5719.jpg,20-29,Female,East Asian
images/val-1128.jpg,30-39,Female,East Asian
images/val-4003.jpg,10-19,Male,Black
images/val-6055.jpg,20-29,Female,Black
images/val-4670.jpg,10-19,Female,Latino_Hispanic
images/val-2585.jpg,40-49,Male,Black
images/val-7180.jpg,60-69,Male,Middle Eastern
images/val-8901.jpg,20-29,Male,East Asian
images/val-4957.jpg,30-39,Male,White
images/val-10022.jpg,20-29,Female,White
images/val-8667.jpg,20-29,Male,Southeast Asian
images/val-129.jpg,20-29,Male,East Asian
images/val-9087.jpg,40-49,Male,Middle Eastern
images/val-4906.jpg,30-39,Male,Middle Eastern
images/val-1698.jpg,20-29,Female,East Asian
images/val-2201.jpg,3-9,Male,Latino_Hispanic
images/val-10910.jpg,20-29,Male,Middle Eastern
images/val-1892.jpg,30-39,Male,Middle Eastern
images/val-1754.jpg,30-39,Male,Middle Eastern
images/val-10816.jpg,30-39,Male,Indian
images/val-2547.jpg,20-29,Female,Latino_Hispanic
images/val-4463.jpg,30-39,Male,Middle Eastern
images/val-4617.jpg,20-29,Male,Black
images/val-9910.jpg,20-29,Male,Latino_Hispanic
images/val-3451.jpg,40-49,Male,Indian
images/val-5618.jpg,20-29,Male,White
images/val-3336.jpg,30-39,Female,White
images/val-10392.jpg,3-9,Male,Black
images/val-4326.jpg,40-49,Male,White
images/val-8281.jpg,20-29,Female,White
images/val-8005.jpg,50-59,Male,Latino_Hispanic
images/val-4115.jpg,20-29,Male,Indian
images/val-833.jpg,20-29,Male,Middle Eastern
images/val-1513.jpg,20-29,Male,White
images/val-10393.jpg,20-29,Female,Southeast Asian
images/val-10713.jpg,40-49,Male,Latino_Hispanic
images/val-4534.jpg,20-29,Female,Southeast Asian
images/val-723.jpg,40-49,Female,Black
images/val-59.jpg,30-39,Female,White
images/val-5465.jpg,10-19,Male,Indian
images/val-2144.jpg,3-9,Female,Southeast Asian
images/val-10439.jpg,40-49,Female,Black
images/val-4292.jpg,40-49,Male,East Asian
images/val-2648.jpg,40-49,Female,East Asian
images/val-7240.jpg,3-9,Male,Black
images/val-9039.jpg,30-39,Female,Indian
images/val-7008.jpg,30-39,Male,Latino_Hispanic
images/val-9190.jpg,30-39,Female,Black
images/val-159.jpg,20-29,Female,White
images/val-10782.jpg,60-69,Female,Indian
images/val-1233.jpg,20-29,Female,Middle Eastern
images/val-2443.jpg,30-39,Male,Indian
images/val-8939.jpg,10-19,Male,Southeast Asian
images/val-591.jpg,20-29,Male,Black
images/val-6050.jpg,30-39,Female,Black
images/val-9544.jpg,40-49,Male,White
images/val-9053.jpg,20-29,Male,Middle Eastern
images/val-2427.jpg,30-39,Male,White
images/val-7042.jpg,30-39,Male,Latino_Hispanic
images/val-2089.jpg,10-19,Male,East Asian
images/val-686.jpg,20-29,Female,White
images/val-5051.jpg,3-9,Male,East Asian
images/val-5975.jpg,50-59,Female,White
images/val-654.jpg,40-49,Male,White
images/val-5863.jpg,30-39,Female,East Asian
images/val-3442.jpg,20-29,Female,Southeast Asian
images/val-4089.jpg,10-19,Male,White
images/val-1685.jpg,3-9,Male,Southeast Asian
images/val-5795.jpg,30-39,Female,Southeast Asian
images/val-9174.jpg,20-29,Female,Black
images/val-10680.jpg,20-29,Female,White
images/val-10169.jpg,3-9,Female,Black
images/val-2533.jpg,20-29,Female,Indian
images/val-3879.jpg,3-9,Female,Latino_Hispanic
images/val-2663.jpg,20-29,Male,East Asian
images/val-2901.jpg,3-9,Male,Black
images/val-6756.jpg,0-2,Male,Southeast Asian
images/val-407.jpg,3-9,Male,Southeast Asian
images/val-2939.jpg,20-29,Male,East Asian
images/val-5443.jpg,40-49,Female,Southeast Asian
images/val-6746.jpg,3-9,Female,White
images/val-4066.jpg,3-9,Male,Black
images/val-10812.jpg,3-9,Female,Black
images/val-2609.jpg,20-29,Male,Southeast Asian
images/val-1772.jpg,40-49,Male,Latino_Hispanic
images/val-6268.jpg,20-29,Female,Black
images/val-635.jpg,50-59,Male,White
images/val-7712.jpg,3-9,Male,East Asian
images/val-3645.jpg,10-19,Female,Latino_Hispanic
images/val-3270.jpg,30-39,Male,Black
images/val-7542.jpg,40-49,Male,White
images/val-5729.jpg,3-9,Male,White
images/val-5001.jpg,20-29,Male,Latino_Hispanic
images/val-3729.jpg,30-39,Male,White
images/val-3653.jpg,30-39,Male,Middle Eastern
images/val-388.jpg,10-19,Male,White
images/val-3165.jpg,20-29,Male,East Asian
images/val-6529.jpg,20-29,Female,Indian
images/val-5379.jpg,50-59,Male,Black
images/val-4565.jpg,30-39,Female,Black
images/val-1138.jpg,30-39,Male,Black
images/val-4574.jpg,20-29,Male,White
images/val-5754.jpg,10-19,Male,Middle Eastern
images/val-8347.jpg,40-49,Female,Black
images/val-6549.jpg,more than 70,Male,White
images/val-10907.jpg,50-59,Male,Middle Eastern
images/val-5426.jpg,30-39,Male,Indian
images/val-453.jpg,10-19,Female,Indian
images/val-1890.jpg,3-9,Female,Southeast Asian
images/val-4280.jpg,20-29,Male,Latino_Hispanic
images/val-2926.jpg,20-29,Male,White
images/val-9513.jpg,40-49,Female,Latino_Hispanic
images/val-4350.jpg,30-39,Male,Latino_Hispanic
images/val-627.jpg,30-39,Female,White
images/val-1777.jpg,30-39,Male,Southeast Asian
images/val-9775.jpg,10-19,Female,White
images/val-7120.jpg,30-39,Male,Indian
images/val-5664.jpg,50-59,Male,Indian
images/val-5140.jpg,40-49,Female,Latino_Hispanic
images/val-7150.jpg,60-69,Male,Middle Eastern
images/val-9933.jpg,20-29,Male,Southeast Asian
images/val-8380.jpg,3-9,Female,Latino_Hispanic
images/val-1895.jpg,30-39,Female,Indian
images/val-6312.jpg,50-59,Male,East Asian
images/val-9447.jpg,40-49,Male,White
images/val-3115.jpg,10-19,Male,Black
images/val-4174.jpg,3-9,Female,East Asian
images/val-728.jpg,40-49,Male,Latino_Hispanic
images/val-7145.jpg,30-39,Male,Southeast Asian
images/val-28.jpg,20-29,Female,Southeast Asian
images/val-8519.jpg,20-29,Male,Black
images/val-8822.jpg,40-49,Male,Latino_Hispanic
images/val-3229.jpg,20-29,Female,Indian
images/val-5968.jpg,30-39,Female,Black
images/val-7067.jpg,30-39,Male,Black
images/val-1147.jpg,more than 70,Female,East Asian
images/val-5410.jpg,50-59,Male,White
images/val-10210.jpg,0-2,Male,Black
images/val-5144.jpg,3-9,Male,East Asian
images/val-2042.jpg,20-29,Female,White
images/val-4921.jpg,50-59,Male,Black
images/val-8309.jpg,30-39,Male,Middle Eastern
images/val-5068.jpg,20-29,Female,Latino_Hispanic
images/val-6692.jpg,40-49,Female,Black
images/val-5345.jpg,20-29,Male,White
images/val-6593.jpg,10-19,Male,Indian
images/val-4845.jpg,3-9,Male,Latino_Hispanic
images/val-9084.jpg,20-29,Female,Southeast Asian
images/val-2086.jpg,30-39,Male,Black
images/val-3144.jpg,40-49,Male,Indian
images/val-6889.jpg,20-29,Male,Black
images/val-6212.jpg,30-39,Male,East Asian
images/val-2852.jpg,0-2,Male,White
images/val-10085.jpg,30-39,Female,East Asian
images/val-9325.jpg,20-29,Female,White
images/val-4931.jpg,10-19,Male,Indian
images/val-6654.jpg,30-39,Male,Southeast Asian
images/val-8978.jpg,20-29,Male,Indian
images/val-7.jpg,20-29,Male,Black
images/val-4979.jpg,20-29,Female,East Asian
images/val-4701.jpg,20-29,Male,White
images/val-3444.jpg,0-2,Female,East Asian
images/val-7044.jpg,30-39,Male,Latino_Hispanic
images/val-9503.jpg,20-29,Female,East Asian
images/val-9940.jpg,40-49,Female,Middle Eastern
images/val-5280.jpg,30-39,Male,East Asian
images/val-7619.jpg,40-49,Male,Middle Eastern
images/val-7239.jpg,40-49,Male,Indian
images/val-7245.jpg,30-39,Male,Black
images/val-3502.jpg,3-9,Male,Latino_Hispanic
images/val-8376.jpg,20-29,Male,Middle Eastern
images/val-7753.jpg,30-39,Male,Southeast Asian
images/val-2781.jpg,20-29,Female,Southeast Asian
images/val-1390.jpg,20-29,Male,White
images/val-4650.jpg,20-29,Female,East Asian
images/val-8446.jpg,20-29,Female,East Asian
images/val-10371.jpg,3-9,Male,Indian
images/val-10146.jpg,3-9,Female,White
images/val-5492.jpg,10-19,Male,Black
images/val-1531.jpg,20-29,Female,East Asian
images/val-3849.jpg,30-39,Male,White
images/val-5086.jpg,60-69,Male,Latino_Hispanic
images/val-3681.jpg,10-19,Female,Southeast Asian
images/val-3263.jpg,more than 70,Female,White
images/val-2415.jpg,50-59,Male,White
images/val-401.jpg,30-39,Male,Middle Eastern
images/val-758.jpg,3-9,Male,Middle Eastern
images/val-4012.jpg,30-39,Female,White
images/val-7785.jpg,30-39,Female,Indian
images/val-10016.jpg,40-49,Male,Indian
images/val-1194.jpg,20-29,Male,Southeast Asian
images/val-7462.jpg,40-49,Female,White
images/val-6791.jpg,30-39,Male,White
images/val-10319.jpg,0-2,Male,Latino_Hispanic
images/val-9432.jpg,20-29,Female,White
images/val-3186.jpg,30-39,Female,White
images/val-6292.jpg,3-9,Female,Latino_Hispanic
images/val-8100.jpg,20-29,Female,Latino_Hispanic
images/val-6548.jpg,40-49,Male,White
images/val-3998.jpg,30-39,Male,Latino_Hispanic
images/val-2418.jpg,10-19,Female,Indian
images/val-91.jpg,10-19,Female,Indian
images/val-1747.jpg,40-49,Male,Latino_Hispanic
images/val-6966.jpg,10-19,Male,Black
images/val-3586.jpg,20-29,Female,Middle Eastern
images/val-2882.jpg,3-9,Male,Indian
images/val-8487.jpg,40-49,Male,Latino_Hispanic
images/val-7612.jpg,20-29,Male,East Asian
images/val-823.jpg,30-39,Male,Middle Eastern
images/val-9133.jpg,30-39,Male,East Asian
images/val-4083.jpg,30-39,Male,Indian
images/val-1989.jpg,more than 70,Female,Black
images/val-7479.jpg,3-9,Male,Latino_Hispanic
images/val-2185.jpg,20-29,Female,White
images/val-7613.jpg,more than 70,Male,Indian
images/val-8703.jpg,3-9,Male,Indian
images/val-9158.jpg,30-39,Female,Middle Eastern
images/val-9756.jpg,30-39,Male,White
images/val-5199.jpg,10-19,Male,Black
images/val-7252.jpg,3-9,Female,Middle Eastern
images/val-10038.jpg,30-39,Female,Black
images/val-8271.jpg,40-49,Female,White
images/val-6992.jpg,20-29,Female,Indian
images/val-8977.jpg,20-29,Female,Southeast Asian
images/val-7306.jpg,40-49,Female,Latino_Hispanic
images/val-2608.jpg,30-39,Male,White
images/val-7778.jpg,20-29,Female,White
images/val-7374.jpg,20-29,Female,East Asian
images/val-4247.jpg,10-19,Male,Black
images/val-4051.jpg,3-9,Male,East Asian
images/val-4544.jpg,30-39,Male,White
images/val-8541.jpg,3-9,Male,Black
images/val-7940.jpg,40-49,Female,White
images/val-10269.jpg,20-29,Male,Black
images/val-3920.jpg,3-9,Female,Black
images/val-4500.jpg,20-29,Female,East Asian
images/val-7207.jpg,40-49,Male,Indian
images/val-1270.jpg,20-29,Female,Indian
images/val-4682.jpg,10-19,Male,East Asian
images/val-3842.jpg,40-49,Female,Black
images/val-4452.jpg,more than 70,Male,Southeast Asian
images/val-5503.jpg,60-69,Female,East Asian
images/val-5239.jpg,20-29,Female,East Asian
images/val-8850.jpg,40-49,Male,Middle Eastern
images/val-1321.jpg,20-29,Female,Black
images/val-2268.jpg,50-59,Male,Black
images/val-2472.jpg,10-19,Female,White
images/val-3789.jpg,3-9,Female,Black
images/val-6276.jpg,40-49,Male,Indian
images/val-2504.jpg,20-29,Male,Latino_Hispanic
images/val-3506.jpg,20-29,Female,Latino_Hispanic
images/val-1053.jpg,50-59,Male,White
images/val-6798.jpg,3-9,Male,White
images/val-6679.jpg,20-29,Female,Black
images/val-5422.jpg,3-9,Male,Black
images/val-8891.jpg,60-69,Male,White
images/val-7634.jpg,30-39,Male,Southeast Asian
images/val-6813.jpg,20-29,Female,Southeast Asian
images/val-1021.jpg,40-49,Female,Latino_Hispanic
images/val-3389.jpg,30-39,Male,Latino_Hispanic
images/val-6884.jpg,30-39,Female,Latino_Hispanic
images/val-6382.jpg,20-29,Female,Black
images/val-9570.jpg,20-29,Female,Southeast Asian
images/val-321.jpg,20-29,Male,Indian
images/val-9433.jpg,20-29,Female,Indian
images/val-6233.jpg,30-39,Female,Latino_Hispanic
images/val-7815.jpg,20-29,Female,White
images/val-97.jpg,50-59,Female,Indian
images/val-5764.jpg,10-19,Female,White
images/val-4893.jpg,50-59,Female,White
images/val-6390.jpg,20-29,Female,White
images/val-6866.jpg,20-29,Male,Latino_Hispanic
images/val-8819.jpg,40-49,Female,Indian
images/val-8948.jpg,50-59,Male,Black
images/val-9884.jpg,20-29,Female,East Asian
images/val-3614.jpg,20-29,Female,Southeast Asian
images/val-8000.jpg,20-29,Male,Indian
images/val-3596.jpg,3-9,Female,Latino_Hispanic
images/val-4472.jpg,20-29,Male,Latino_Hispanic
images/val-7141.jpg,50-59,Male,Southeast Asian
images/val-10679.jpg,20-29,Male,White
images/val-476.jpg,3-9,Female,Black
images/val-6372.jpg,40-49,Female,Indian
images/val-5508.jpg,40-49,Female,Latino_Hispanic
images/val-6625.jpg,20-29,Male,Southeast Asian
images/val-2705.jpg,30-39,Male,Southeast Asian
images/val-7658.jpg,30-39,Male,Indian
images/val-2092.jpg,20-29,Male,Middle Eastern
images/val-10196.jpg,40-49,Male,Latino_Hispanic
images/val-10873.jpg,more than 70,Male,East Asian
images/val-442.jpg,50-59,Male,Indian
images/val-6456.jpg,30-39,Female,Black
images/val-9698.jpg,40-49,Female,White
images/val-9247.jpg,30-39,Male,White
images/val-445.jpg,20-29,Female,East Asian
images/val-1376.jpg,30-39,Male,Black
images/val-7023.jpg,40-49,Male,White
images/val-2224.jpg,30-39,Female,Black
images/val-7565.jpg,20-29,Male,Southeast Asian
images/val-2978.jpg,40-49,Male,White
images/val-824.jpg,20-29,Male,Black
images/val-4263.jpg,20-29,Female,Southeast Asian
images/val-10452.jpg,20-29,Female,Black
images/val-5364.jpg,3-9,Male,Southeast Asian
images/val-3468.jpg,20-29,Female,White
images/val-7450.jpg,20-29,Female,East Asian
images/val-5356.jpg,20-29,Female,East Asian
images/val-5530.jpg,20-29,Male,Latino_Hispanic
images/val-10301.jpg,3-9,Male,East Asian
images/val-4559.jpg,20-29,Male,Latino_Hispanic
images/val-6907.jpg,30-39,Male,White
images/val-4134.jpg,40-49,Male,Indian
images/val-1342.jpg,40-49,Male,East Asian
images/val-7706.jpg,20-29,Female,White
images/val-318.jpg,10-19,Female,Indian
images/val-10789.jpg,more than 70,Female,Middle Eastern
images/val-854.jpg,20-29,Male,Indian
images/val-5734.jpg,20-29,Female,Latino_Hispanic
images/val-3674.jpg,30-39,Male,Black
images/val-1125.jpg,10-19,Female,Black
images/val-660.jpg,10-19,Female,White
images/val-509.jpg,30-39,Male,White
images/val-4052.jpg,10-19,Male,Black
images/val-3267.jpg,20-29,Female,East Asian
images/val-334.jpg,0-2,Female,White
images/val-10180.jpg,20-29,Female,Black
images/val-2497.jpg,60-69,Female,Latino_Hispanic
images/val-3909.jpg,20-29,Female,Black
images/val-2069.jpg,30-39,Female,White
images/val-7759.jpg,20-29,Female,White
images/val-1875.jpg,10-19,Female,Latino_Hispanic
images/val-9241.jpg,3-9,Female,Black
images/val-3572.jpg,20-29,Male,White
images/val-7620.jpg,20-29,Male,Black
images/val-4199.jpg,10-19,Female,Southeast Asian
images/val-6044.jpg,more than 70,Female,Middle Eastern
images/val-2750.jpg,20-29,Male,East Asian
images/val-9927.jpg,20-29,Female,White
images/val-9950.jpg,30-39,Female,White
images/val-10814.jpg,20-29,Female,Black
images/val-2684.jpg,20-29,Male,Black
images/val-5097.jpg,30-39,Female,Southeast Asian
images/val-10519.jpg,60-69,Female,Indian
images/val-9482.jpg,20-29,Male,Middle Eastern
images/val-421.jpg,3-9,Female,Latino_Hispanic
images/val-5112.jpg,30-39,Male,White
images/val-9434.jpg,20-29,Male,Black
images/val-6150.jpg,3-9,Male,White
images/val-6499.jpg,more than 70,Male,Southeast Asian
images/val-3250.jpg,30-39,Male,Indian
images/val-1246.jpg,30-39,Male,Middle Eastern
images/val-9701.jpg,30-39,Male,Indian
images/val-3979.jpg,50-59,Male,Middle Eastern
images/val-1670.jpg,3-9,Male,Indian
images/val-4942.jpg,50-59,Male,Latino_Hispanic
images/val-9838.jpg,40-49,Male,Middle Eastern
images/val-1984.jpg,60-69,Male,Middle Eastern
images/val-9273.jpg,20-29,Female,White
images/val-673.jpg,30-39,Female,White
images/val-5689.jpg,20-29,Male,White
images/val-8729.jpg,20-29,Female,White
images/val-7019.jpg,30-39,Female,White
images/val-6072.jpg,10-19,Female,Indian
images/val-1130.jpg,40-49,Male,Latino_Hispanic
images/val-8290.jpg,30-39,Male,Indian
images/val-5591.jpg,40-49,Male,Latino_Hispanic
images/val-208.jpg,30-39,Male,East Asian
images/val-6883.jpg,30-39,Male,Black
images/val-8032.jpg,50-59,Male,East Asian
images/val-1730.jpg,50-59,Female,Black
images/val-7103.jpg,0-2,Male,Middle Eastern
images/val-5935.jpg,20-29,Female,White
images/val-7533.jpg,10-19,Female,Latino_Hispanic
images/val-2507.jpg,30-39,Male,Latino_Hispanic
images/val-7136.jpg,60-69,Female,Southeast Asian
images/val-2886.jpg,10-19,Female,White
images/val-8549.jpg,30-39,Male,Latino_Hispanic
images/val-4426.jpg,10-19,Female,Southeast Asian
images/val-10092.jpg,50-59,Female,Latino_Hispanic
images/val-8818.jpg,3-9,Male,Black
images/val-7922.jpg,3-9,Female,Middle Eastern
images/val-7617.jpg,30-39,Female,Black
images/val-7137.jpg,20-29,Female,Latino_Hispanic
images/val-9708.jpg,20-29,Male,Black
images/val-4398.jpg,20-29,Female,Latino_Hispanic
images/val-5281.jpg,50-59,Female,Black
images/val-4023.jpg,30-39,Male,Latino_Hispanic
images/val-1420.jpg,20-29,Male,White
images/val-4570.jpg,3-9,Female,East Asian
images/val-7386.jpg,30-39,Male,White
images/val-3996.jpg,20-29,Male,Black
images/val-7614.jpg,30-39,Female,Latino_Hispanic
images/val-9337.jpg,10-19,Male,Black
images/val-10000.jpg,20-29,Female,East Asian
images/val-10673.jpg,30-39,Female,Southeast Asian
images/val-5512.jpg,3-9,Female,Southeast Asian
images/val-471.jpg,10-19,Female,Latino_Hispanic
images/val-8099.jpg,10-19,Female,Indian
images/val-5326.jpg,20-29,Female,Indian
images/val-2980.jpg,3-9,Male,White
images/val-7989.jpg,10-19,Male,Southeast Asian
images/val-3476.jpg,3-9,Female,East Asian
images/val-5814.jpg,60-69,Male,Middle Eastern
images/val-4233.jpg,50-59,Male,White
images/val-5577.jpg,30-39,Male,Middle Eastern
images/val-4582.jpg,40-49,Male,Latino_Hispanic
images/val-9768.jpg,30-39,Male,Middle Eastern
images/val-4527.jpg,30-39,Male,Indian
images/val-9107.jpg,10-19,Male,Southeast Asian
images/val-167.jpg,10-19,Female,Black
images/val-8465.jpg,3-9,Male,White
images/val-3131.jpg,20-29,Male,White
images/val-1403.jpg,30-39,Female,Southeast Asian
images/val-3955.jpg,30-39,Male,Black
images/val-10849.jpg,20-29,Male,White
images/val-10573.jpg,20-29,Male,Southeast Asian
images/val-9097.jpg,30-39,Male,Indian
images/val-3938.jpg,20-29,Male,Indian
images/val-7801.jpg,30-39,Male,East Asian
images/val-8042.jpg,20-29,Male,East Asian
images/val-7343.jpg,30-39,Male,Indian
images/val-283.jpg,40-49,Male,White
images/val-1525.jpg,30-39,Male,White
images/val-4821.jpg,20-29,Female,White
images/val-3631.jpg,60-69,Male,Indian
images/val-6626.jpg,30-39,Male,Indian
images/val-3987.jpg,40-49,Male,White
images/val-5017.jpg,3-9,Male,Indian
images/val-9529.jpg,20-29,Male,Latino_Hispanic
images/val-6047.jpg,40-49,Male,Indian
images/val-7754.jpg,30-39,Male,Latino_Hispanic
images/val-9069.jpg,20-29,Female,Latino_Hispanic
images/val-8699.jpg,20-29,Female,White
images/val-5633.jpg,30-39,Female,Latino_Hispanic
images/val-6972.jpg,20-29,Female,Indian
images/val-9018.jpg,3-9,Female,Latino_Hispanic
images/val-5420.jpg,3-9,Male,East Asian
images/val-5765.jpg,20-29,Female,Middle Eastern
images/val-7435.jpg,50-59,Male,Indian
images/val-4439.jpg,20-29,Male,Middle Eastern
images/val-5024.jpg,50-59,Male,Middle Eastern
images/val-4119.jpg,20-29,Male,White
images/val-3778.jpg,40-49,Male,Southeast Asian
images/val-1977.jpg,20-29,Male,Southeast Asian
images/val-3156.jpg,3-9,Male,Latino_Hispanic
images/val-5170.jpg,20-29,Female,Southeast Asian
images/val-1959.jpg,30-39,Male,Indian
images/val-8780.jpg,40-49,Male,Middle Eastern
images/val-3034.jpg,20-29,Female,Southeast Asian
images/val-3139.jpg,20-29,Male,White
images/val-3546.jpg,20-29,Female,Indian
images/val-7934.jpg,10-19,Female,East Asian
images/val-4531.jpg,20-29,Female,Southeast Asian
images/val-9660.jpg,50-59,Female,Indian
images/val-8596.jpg,20-29,Male,White
images/val-9778.jpg,30-39,Male,Middle Eastern
images/val-4637.jpg,20-29,Female,East Asian
images/val-1648.jpg,10-19,Male,Latino_Hispanic
images/val-3181.jpg,20-29,Male,East Asian
images/val-4854.jpg,40-49,Female,Indian
images/val-3728.jpg,20-29,Male,White
images/val-5913.jpg,20-29,Male,White
images/val-2940.jpg,3-9,Female,Southeast Asian
images/val-4953.jpg,20-29,Male,Southeast Asian
images/val-232.jpg,40-49,Female,White
images/val-10314.jpg,10-19,Male,Black
images/val-2074.jpg,40-49,Male,Southeast Asian
images/val-4495.jpg,10-19,Male,White
images/val-746.jpg,30-39,Female,Southeast Asian
images/val-894.jpg,20-29,Male,Southeast Asian
images/val-9067.jpg,40-49,Male,White
images/val-4787.jpg,20-29,Male,Southeast Asian
images/val-10275.jpg,30-39,Male,Southeast Asian
images/val-8043.jpg,20-29,Male,Southeast Asian
images/val-1681.jpg,20-29,Female,White
images/val-201.jpg,30-39,Female,East Asian
images/val-9406.jpg,20-29,Female,Latino_Hispanic
images/val-4659.jpg,10-19,Female,Black
images/val-7691.jpg,50-59,Male,Latino_Hispanic
images/val-7844.jpg,20-29,Female,East Asian
images/val-7217.jpg,30-39,Male,Black
images/val-5583.jpg,10-19,Male,Southeast Asian
images/val-3021.jpg,10-19,Male,Southeast Asian
images/val-842.jpg,20-29,Female,East Asian
images/val-4137.jpg,3-9,Male,Black
images/val-7828.jpg,10-19,Female,Black
images/val-1870.jpg,20-29,Male,Indian
images/val-1071.jpg,30-39,Male,East Asian
images/val-6566.jpg,3-9,Female,White
images/val-8057.jpg,40-49,Female,White
images/val-1214.jpg,20-29,Female,Southeast Asian
images/val-9454.jpg,20-29,Male,Southeast Asian
images/val-879.jpg,20-29,Female,Latino_Hispanic
images/val-2486.jpg,20-29,Male,East Asian
images/val-2445.jpg,3-9,Female,Latino_Hispanic
images/val-9222.jpg,20-29,Female,Indian
images/val-10444.jpg,60-69,Female,White
images/val-1396.jpg,10-19,Female,Indian
images/val-4067.jpg,20-29,Female,White
images/val-1941.jpg,20-29,Female,Black
images/val-9144.jpg,40-49,Male,White
images/val-6819.jpg,more than 70,Female,Southeast Asian
images/val-9934.jpg,20-29,Female,Black
images/val-9767.jpg,3-9,Female,East Asian
images/val-3698.jpg,30-39,Male,Black
images/val-8562.jpg,3-9,Male,East Asian
images/val-10338.jpg,30-39,Female,White
images/val-7382.jpg,10-19,Female,White
images/val-7254.jpg,20-29,Male,Middle Eastern
images/val-4872.jpg,20-29,Male,East Asian
images/val-9643.jpg,40-49,Male,Latino_Hispanic
images/val-7026.jpg,20-29,Female,Indian
images/val-5004.jpg,50-59,Female,Indian
images/val-9317.jpg,10-19,Male,Southeast Asian
images/val-987.jpg,50-59,Female,White
images/val-9989.jpg,3-9,Male,East Asian
images/val-1626.jpg,40-49,Male,White
images/val-3405.jpg,more than 70,Female,Black
images/val-3458.jpg,3-9,Female,Indian
images/val-4336.jpg,30-39,Male,Indian
images/val-1331.jpg,20-29,Male,East Asian
images/val-2574.jpg,30-39,Male,Black
images/val-3930.jpg,30-39,Male,Latino_Hispanic
images/val-2848.jpg,3-9,Male,East Asian
images/val-9044.jpg,30-39,Female,Indian
images/val-1230.jpg,30-39,Male,Middle Eastern
images/val-2565.jpg,60-69,Male,Middle Eastern
images/val-44.jpg,30-39,Female,Latino_Hispanic
images/val-6694.jpg,30-39,Male,Southeast Asian
images/val-10096.jpg,20-29,Male,Black
images/val-9730.jpg,20-29,Female,Middle Eastern
images/val-7700.jpg,20-29,Female,Southeast Asian
images/val-4772.jpg,20-29,Female,Southeast Asian
images/val-535.jpg,20-29,Female,Southeast Asian
images/val-3793.jpg,10-19,Female,Latino_Hispanic
images/val-4721.jpg,40-49,Female,Black
images/val-4633.jpg,10-19,Female,Indian
images/val-7439.jpg,30-39,Male,Southeast Asian
images/val-1167.jpg,10-19,Female,White
images/val-3825.jpg,3-9,Male,Indian
images/val-4335.jpg,20-29,Male,Indian
images/val-9664.jpg,30-39,Male,Southeast Asian
images/val-3242.jpg,40-49,Male,Latino_Hispanic
images/val-10400.jpg,20-29,Male,Black
images/val-1881.jpg,20-29,Male,East Asian
images/val-8923.jpg,30-39,Male,Latino_Hispanic
images/val-3684.jpg,3-9,Female,East Asian
images/val-2442.jpg,20-29,Female,Southeast Asian
images/val-4353.jpg,10-19,Female,Indian
images/val-2331.jpg,30-39,Male,White
images/val-10877.jpg,30-39,Female,Black
images/val-978.jpg,20-29,Female,Indian
images/val-2719.jpg,40-49,Male,White
images/val-5040.jpg,20-29,Female,Southeast Asian
images/val-10643.jpg,30-39,Female,Southeast Asian
images/val-9326.jpg,20-29,Male,Black
images/val-4729.jpg,20-29,Male,Middle Eastern
images/val-7196.jpg,10-19,Female,East Asian
images/val-2038.jpg,30-39,Male,East Asian
images/val-7680.jpg,30-39,Male,Latino_Hispanic
images/val-4983.jpg,30-39,Female,Middle Eastern
images/val-6595.jpg,40-49,Male,White
images/val-4461.jpg,30-39,Male,Middle Eastern
images/val-8200.jpg,0-2,Male,Southeast Asian
images/val-8848.jpg,30-39,Female,Middle Eastern
images/val-8091.jpg,60-69,Female,Latino_Hispanic
images/val-7173.jpg,20-29,Female,Latino_Hispanic
images/val-1318.jpg,20-29,Male,White
images/val-9799.jpg,3-9,Female,East Asian
images/val-10540.jpg,30-39,Female,Latino_Hispanic
images/val-7079.jpg,50-59,Male,Indian
images/val-10218.jpg,30-39,Female,Southeast Asian
images/val-10911.jpg,20-29,Female,Black
images/val-4103.jpg,50-59,Male,Southeast Asian
images/val-424.jpg,3-9,Female,Indian
images/val-1497.jpg,3-9,Male,Latino_Hispanic
images/val-10736.jpg,3-9,Male,Southeast Asian
images/val-9425.jpg,10-19,Female,Southeast Asian
images/val-9620.jpg,3-9,Male,Indian
images/val-340.jpg,20-29,Female,Black
images/val-4416.jpg,20-29,Female,Black
images/val-9442.jpg,3-9,Female,Latino_Hispanic
images/val-10283.jpg,40-49,Female,Black
images/val-2871.jpg,40-49,Male,Indian
images/val-7709.jpg,10-19,Female,Latino_Hispanic
images/val-8503.jpg,40-49,Female,Latino_Hispanic
images/val-7246.jpg,40-49,Female,Indian
images/val-10926.jpg,40-49,Male,Southeast Asian
images/val-2974.jpg,30-39,Female,Indian
images/val-9591.jpg,10-19,Female,Southeast Asian
images/val-7142.jpg,more than 70,Male,Black
images/val-10114.jpg,20-29,Female,Middle Eastern
images/val-1495.jpg,20-29,Male,Southeast Asian
images/val-7701.jpg,20-29,Male,White
images/val-5701.jpg,20-29,Female,Indian
images/val-6691.jpg,10-19,Male,Southeast Asian
images/val-5461.jpg,20-29,Female,Latino_Hispanic
images/val-5261.jpg,20-29,Female,Middle Eastern
images/val-1714.jpg,20-29,Female,East Asian
images/val-2635.jpg,20-29,Male,White
images/val-5404.jpg,20-29,Male,Indian
images/val-6745.jpg,40-49,Male,Indian
images/val-8118.jpg,3-9,Female,White
images/val-4723.jpg,30-39,Male,Black
images/val-6562.jpg,10-19,Male,Southeast Asian
images/val-9013.jpg,10-19,Female,Middle Eastern
images/val-602.jpg,20-29,Male,Southeast Asian
images/val-7452.jpg,30-39,Male,Southeast Asian
images/val-1443.jpg,30-39,Male,Black
images/val-5154.jpg,30-39,Female,Latino_Hispanic
images/val-4136.jpg,10-19,Female,Indian
images/val-5297.jpg,10-19,Female,Southeast Asian
images/val-1900.jpg,40-49,Female,Southeast Asian
images/val-6623.jpg,20-29,Female,Middle Eastern
images/val-8432.jpg,3-9,Male,East Asian
images/val-19.jpg,40-49,Male,White
images/val-8890.jpg,50-59,Female,White
images/val-7570.jpg,10-19,Female,Latino_Hispanic
images/val-6771.jpg,20-29,Male,Latino_Hispanic
images/val-889.jpg,3-9,Male,Black
images/val-3074.jpg,30-39,Female,Indian
images/val-8495.jpg,30-39,Male,Southeast Asian
images/val-5928.jpg,20-29,Male,Southeast Asian
images/val-8168.jpg,10-19,Male,Latino_Hispanic
images/val-7243.jpg,20-29,Female,East Asian
images/val-846.jpg,20-29,Male,Indian
images/val-10577.jpg,10-19,Male,Black
images/val-4376.jpg,40-49,Male,Middle Eastern
images/val-8999.jpg,40-49,Male,Latino_Hispanic
images/val-2147.jpg,0-2,Male,Indian
images/val-4720.jpg,50-59,Male,Black
images/val-7179.jpg,20-29,Female,Black
images/val-7942.jpg,20-29,Female,White
images/val-1990.jpg,30-39,Male,Southeast Asian
images/val-473.jpg,30-39,Male,Indian
images/val-3921.jpg,10-19,Male,Latino_Hispanic
images/val-2595.jpg,20-29,Male,Latino_Hispanic
images/val-5092.jpg,30-39,Female,Black
images/val-9025.jpg,20-29,Male,Southeast Asian
images/val-225.jpg,0-2,Male,Southeast Asian
images/val-9049.jpg,3-9,Male,Southeast Asian
images/val-6685.jpg,3-9,Male,East Asian
images/val-1528.jpg,40-49,Male,Southeast Asian
images/val-10749.jpg,40-49,Male,Black
images/val-1859.jpg,20-29,Female,East Asian
images/val-7561.jpg,20-29,Female,East Asian
images/val-1925.jpg,30-39,Female,Black
images/val-2523.jpg,3-9,Female,East Asian
images/val-8166.jpg,20-29,Female,East Asian
images/val-4782.jpg,30-39,Female,Latino_Hispanic
images/val-8338.jpg,50-59,Male,White
images/val-4480.jpg,20-29,Female,White
images/val-6808.jpg,0-2,Female,Latino_Hispanic
images/val-7906.jpg,30-39,Male,White
images/val-7737.jpg,10-19,Male,East Asian
images/val-3994.jpg,30-39,Male,Black
images/val-7484.jpg,20-29,Female,Black
images/val-9032.jpg,3-9,Female,Latino_Hispanic
images/val-2370.jpg,20-29,Male,Latino_Hispanic
images/val-6285.jpg,30-39,Male,Indian
images/val-3123.jpg,20-29,Female,White
images/val-9821.jpg,20-29,Female,White
images/val-8328.jpg,60-69,Male,East Asian
images/val-2237.jpg,50-59,Female,White
images/val-1144.jpg,30-39,Male,Black
images/val-10315.jpg,50-59,Female,Indian
images/val-6799.jpg,20-29,Female,White
images/val-5569.jpg,0-2,Male,Middle Eastern
images/val-8319.jpg,10-19,Female,Latino_Hispanic
images/val-4378.jpg,3-9,Female,East Asian
images/val-43.jpg,20-29,Female,Latino_Hispanic
images/val-4635.jpg,40-49,Male,White
images/val-4892.jpg,20-29,Male,Middle Eastern
images/val-9617.jpg,30-39,Female,East Asian
images/val-9502.jpg,20-29,Female,White
images/val-8023.jpg,0-2,Female,Southeast Asian
images/val-2435.jpg,20-29,Female,Indian
images/val-7317.jpg,20-29,Female,Middle Eastern
images/val-8825.jpg,30-39,Female,White
images/val-7936.jpg,30-39,Male,White
images/val-5655.jpg,20-29,Male,Latino_Hispanic
images/val-5447.jpg,10-19,Female,White
images/val-9043.jpg,10-19,Female,White
images/val-8904.jpg,20-29,Female,East Asian
images/val-6181.jpg,30-39,Male,East Asian
images/val-7461.jpg,10-19,Female,Indian
images/val-5273.jpg,40-49,Male,Indian
images/val-3091.jpg,20-29,Male,White
images/val-3913.jpg,40-49,Female,East Asian
images/val-9369.jpg,3-9,Female,Middle Eastern
images/val-6275.jpg,30-39,Male,White
images/val-3827.jpg,40-49,Male,White
images/val-6731.jpg,10-19,Female,Southeast Asian
images/val-716.jpg,30-39,Female,Latino_Hispanic
images/val-5214.jpg,30-39,Male,White
images/val-10720.jpg,50-59,Male,White
images/val-6247.jpg,20-29,Male,Southeast Asian
images/val-6326.jpg,3-9,Female,Indian
images/val-2493.jpg,20-29,Female,Latino_Hispanic
images/val-8116.jpg,30-39,Female,East Asian
images/val-607.jpg,30-39,Male,Black
images/val-10131.jpg,20-29,Female,White
images/val-8230.jpg,20-29,Female,Black
images/val-9670.jpg,20-29,Male,Southeast Asian
images/val-5440.jpg,10-19,Male,White
images/val-1645.jpg,3-9,Male,East Asian
images/val-7214.jpg,50-59,Male,Southeast Asian
images/val-1634.jpg,3-9,Male,Black
images/val-8618.jpg,3-9,Female,Southeast Asian
images/val-7487.jpg,30-39,Female,Latino_Hispanic
images/val-252.jpg,3-9,Female,Black
images/val-2362.jpg,10-19,Female,Southeast Asian
images/val-6718.jpg,50-59,Male,White
images/val-2530.jpg,10-19,Male,Southeast Asian
images/val-1226.jpg,30-39,Female,Black
images/val-7693.jpg,50-59,Female,Middle Eastern
images/val-10765.jpg,10-19,Female,Black
images/val-5547.jpg,10-19,Female,Southeast Asian
images/val-6513.jpg,20-29,Female,East Asian
images/val-1316.jpg,20-29,Male,Middle Eastern
images/val-5384.jpg,3-9,Female,Latino_Hispanic
images/val-8743.jpg,20-29,Male,Southeast Asian
images/val-6227.jpg,20-29,Female,Middle Eastern
images/val-5189.jpg,3-9,Male,White
images/val-7995.jpg,60-69,Female,Black
images/val-8865.jpg,3-9,Female,Latino_Hispanic
images/val-589.jpg,20-29,Female,Southeast Asian
images/val-1122.jpg,20-29,Male,East Asian
images/val-3847.jpg,20-29,Male,White
images/val-4709.jpg,60-69,Male,East Asian
images/val-10143.jpg,20-29,Female,White
images/val-1481.jpg,10-19,Male,Latino_Hispanic
images/val-7111.jpg,50-59,Female,White
images/val-10709.jpg,30-39,Female,Black
images/val-1647.jpg,60-69,Male,White
images/val-7270.jpg,30-39,Female,Black
images/val-2726.jpg,10-19,Male,Indian
images/val-4907.jpg,30-39,Male,Black
images/val-475.jpg,20-29,Male,Black
images/val-754.jpg,20-29,Female,Latino_Hispanic
images/val-5315.jpg,3-9,Female,Southeast Asian
images/val-920.jpg,30-39,Female,White
images/val-4807.jpg,50-59,Male,Indian
images/val-5874.jpg,40-49,Female,Middle Eastern
images/val-6142.jpg,60-69,Female,Southeast Asian
images/val-7057.jpg,30-39,Female,White
images/val-2386.jpg,60-69,Female,East Asian
images/val-4001.jpg,10-19,Female,East Asian
images/val-10388.jpg,30-39,Male,Southeast Asian
images/val-6752.jpg,20-29,Female,Southeast Asian
images/val-10246.jpg,20-29,Female,Middle Eastern
images/val-2951.jpg,3-9,Female,Latino_Hispanic
images/val-2786.jpg,40-49,Male,White
images/val-2869.jpg,30-39,Female,East Asian
images/val-1294.jpg,3-9,Male,Black
images/val-10518.jpg,10-19,Female,White
images/val-3946.jpg,40-49,Female,Black
images/val-8154.jpg,40-49,Female,Black
images/val-9555.jpg,50-59,Female,Latino_Hispanic
images/val-2345.jpg,50-59,Female,Southeast Asian
images/val-3805.jpg,60-69,Female,Latino_Hispanic
images/val-7556.jpg,30-39,Female,White
images/val-4162.jpg,30-39,Male,White
images/val-7530.jpg,20-29,Male,East Asian
images/val-4184.jpg,40-49,Male,Middle Eastern
images/val-154.jpg,30-39,Male,White
images/val-7623.jpg,60-69,Female,Black
images/val-4713.jpg,30-39,Female,White
images/val-8956.jpg,30-39,Male,Middle Eastern
images/val-2589.jpg,30-39,Male,East Asian
images/val-1211.jpg,30-39,Female,Latino_Hispanic
images/val-7238.jpg,20-29,Female,White
images/val-5662.jpg,20-29,Female,Latino_Hispanic
images/val-9627.jpg,30-39,Male,Middle Eastern
images/val-4902.jpg,50-59,Male,Indian
images/val-6952.jpg,20-29,Female,Southeast Asian
images/val-4098.jpg,40-49,Female,Black
images/val-7485.jpg,30-39,Female,White
images/val-4950.jpg,10-19,Female,Black
images/val-3264.jpg,20-29,Female,Latino_Hispanic
images/val-6303.jpg,50-59,Female,Middle Eastern
images/val-7917.jpg,3-9,Male,Black
images/val-1748.jpg,40-49,Male,Middle Eastern
images/val-3887.jpg,0-2,Female,White
images/val-6249.jpg,40-49,Female,Indian
images/val-9371.jpg,60-69,Male,White
images/val-10913.jpg,50-59,Male,Latino_Hispanic
images/val-9418.jpg,3-9,Female,Black
images/val-4848.jpg,30-39,Female,Indian
images/val-4838.jpg,3-9,Female,Black
images/val-360.jpg,3-9,Female,East Asian
images/val-10621.jpg,20-29,Female,East Asian
images/val-4498.jpg,10-19,Female,Indian
images/val-133.jpg,20-29,Female,Southeast Asian
images/val-9853.jpg,50-59,Female,Indian
images/val-804.jpg,50-59,Male,Southeast Asian
images/val-8139.jpg,more than 70,Female,Black
images/val-4690.jpg,20-29,Female,Middle Eastern
images/val-10743.jpg,20-29,Male,Black
images/val-5773.jpg,10-19,Female,Southeast Asian
images/val-3589.jpg,10-19,Male,Middle Eastern
images/val-3116.jpg,10-19,Female,White
images/val-4107.jpg,3-9,Female,Latino_Hispanic
images/val-2241.jpg,30-39,Female,Middle Eastern
images/val-1592.jpg,20-29,Female,East Asian
images/val-646.jpg,20-29,Female,Middle Eastern
images/val-5062.jpg,40-49,Female,White
images/val-7223.jpg,40-49,Male,East Asian
images/val-547.jpg,3-9,Male,Middle Eastern
images/val-9496.jpg,50-59,Male,White
images/val-10884.jpg,30-39,Female,Southeast Asian
images/val-2154.jpg,20-29,Female,Southeast Asian
images/val-1477.jpg,20-29,Male,White
images/val-4836.jpg,40-49,Male,Indian
images/val-5353.jpg,10-19,Female,Latino_Hispanic
images/val-9951.jpg,50-59,Male,Indian
images/val-2878.jpg,3-9,Female,Southeast Asian
images/val-3290.jpg,60-69,Male,Middle Eastern
images/val-2166.jpg,30-39,Male,Latino_Hispanic
images/val-10288.jpg,40-49,Female,East Asian
images/val-5995.jpg,20-29,Female,East Asian
images/val-8698.jpg,10-19,Female,Latino_Hispanic
images/val-8222.jpg,30-39,Male,Latino_Hispanic
images/val-4466.jpg,20-29,Male,East Asian
images/val-2696.jpg,20-29,Male,White
images/val-4211.jpg,30-39,Male,Latino_Hispanic
images/val-7895.jpg,3-9,Male,Black
images/val-9790.jpg,10-19,Male,Black
images/val-5550.jpg,3-9,Female,White
images/val-1887.jpg,3-9,Male,Black
images/val-7674.jpg,60-69,Male,East Asian
images/val-1234.jpg,20-29,Male,Indian
images/val-2307.jpg,30-39,Female,Black
images/val-3697.jpg,30-39,Male,Indian
images/val-6512.jpg,3-9,Male,East Asian
images/val-9132.jpg,50-59,Male,White
images/val-5993.jpg,50-59,Female,Middle Eastern
images/val-1480.jpg,20-29,Female,East Asian
images/val-6465.jpg,30-39,Female,East Asian
images/val-229.jpg,3-9,Female,Latino_Hispanic
images/val-4333.jpg,30-39,Male,Black
images/val-8792.jpg,20-29,Female,Indian
images/val-2025.jpg,30-39,Male,Indian
images/val-9996.jpg,20-29,Male,Middle Eastern
images/val-6039.jpg,3-9,Female,Black
images/val-4296.jpg,40-49,Female,East Asian
images/val-10840.jpg,3-9,Male,Indian
images/val-6243.jpg,30-39,Male,Black
images/val-6087.jpg,20-29,Male,Black
images/val-1776.jpg,40-49,Male,Latino_Hispanic
images/val-3831.jpg,3-9,Female,Indian
images/val-7725.jpg,3-9,Male,Black
images/val-411.jpg,30-39,Female,Indian
images/val-9199.jpg,30-39,Female,Black
images/val-5375.jpg,20-29,Female,Indian
images/val-3627.jpg,3-9,Female,Southeast Asian
images/val-1036.jpg,0-2,Male,Latino_Hispanic
images/val-7607.jpg,30-39,Male,Black
images/val-4952.jpg,3-9,Male,East Asian
images/val-6690.jpg,30-39,Female,Latino_Hispanic
images/val-1912.jpg,20-29,Female,Black
images/val-2291.jpg,3-9,Male,Black
images/val-743.jpg,10-19,Male,White
images/val-610.jpg,3-9,Female,Southeast Asian
images/val-4987.jpg,40-49,Male,Indian
images/val-8072.jpg,50-59,Male,Latino_Hispanic
images/val-1903.jpg,more than 70,Male,White
images/val-1593.jpg,20-29,Male,Black
images/val-9875.jpg,10-19,Female,East Asian
images/val-8808.jpg,30-39,Male,Indian
images/val-2223.jpg,3-9,Female,Southeast Asian
images/val-6368.jpg,60-69,Male,Middle Eastern
images/val-7433.jpg,20-29,Male,Latino_Hispanic
images/val-6079.jpg,10-19,Female,Middle Eastern
images/val-8851.jpg,3-9,Male,Latino_Hispanic
images/val-6867.jpg,20-29,Male,East Asian
images/val-9623.jpg,20-29,Male,Indian
images/val-2532.jpg,30-39,Female,White
images/val-10351.jpg,30-39,Male,Black
images/val-1623.jpg,10-19,Female,Indian
images/val-8018.jpg,3-9,Male,White
images/val-6687.jpg,10-19,Female,Black
images/val-4584.jpg,40-49,Male,White
images/val-537.jpg,40-49,Female,White
images/val-6071.jpg,20-29,Male,Middle Eastern
images/val-3560.jpg,3-9,Male,Latino_Hispanic
images/val-7265.jpg,20-29,Female,East Asian
images/val-7286.jpg,30-39,Male,Latino_Hispanic
images/val-3869.jpg,30-39,Male,White
images/val-5943.jpg,20-29,Female,East Asian
images/val-1628.jpg,40-49,Female,Black
images/val-6019.jpg,20-29,Female,White
images/val-8921.jpg,60-69,Male,White
images/val-5877.jpg,40-49,Male,Indian
images/val-993.jpg,20-29,Female,Latino_Hispanic
images/val-6524.jpg,10-19,Male,White
images/val-4521.jpg,3-9,Female,Latino_Hispanic
images/val-3110.jpg,30-39,Female,Indian
images/val-2002.jpg,more than 70,Male,Middle Eastern
images/val-7451.jpg,20-29,Female,East Asian
images/val-1502.jpg,30-39,Female,Southeast Asian
images/val-10202.jpg,30-39,Female,Latino_Hispanic
images/val-350.jpg,0-2,Male,East Asian
images/val-10687.jpg,40-49,Female,White
images/val-10564.jpg,20-29,Male,White
images/val-3991.jpg,50-59,Female,Latino_Hispanic
images/val-2064.jpg,30-39,Male,Indian
images/val-9251.jpg,3-9,Female,Latino_Hispanic
images/val-3363.jpg,3-9,Female,Black
images/val-10284.jpg,40-49,Male,Latino_Hispanic
images/val-9081.jpg,20-29,Male,Middle Eastern
images/val-3395.jpg,3-9,Male,Black
images/val-9608.jpg,40-49,Male,Middle Eastern
images/val-3539.jpg,3-9,Male,Middle Eastern
images/val-3818.jpg,40-49,Female,White
images/val-9883.jpg,10-19,Female,Black
images/val-10403.jpg,20-29,Female,Latino_Hispanic
images/val-47.jpg,40-49,Male,White
images/val-4543.jpg,3-9,Female,Southeast Asian
images/val-2371.jpg,30-39,Female,Latino_Hispanic
images/val-2130.jpg,10-19,Male,Black
images/val-9729.jpg,30-39,Female,East Asian
images/val-9801.jpg,30-39,Female,Indian
images/val-2859.jpg,10-19,Male,Indian
images/val-1802.jpg,20-29,Male,Indian
images/val-423.jpg,50-59,Female,Latino_Hispanic
images/val-2160.jpg,10-19,Male,East Asian
images/val-244.jpg,50-59,Male,Black
images/val-5870.jpg,40-49,Male,Middle Eastern
images/val-3899.jpg,20-29,Male,Latino_Hispanic
images/val-9648.jpg,3-9,Female,White
images/val-5305.jpg,30-39,Female,Indian
images/val-259.jpg,30-39,Female,Indian
images/val-2855.jpg,10-19,Female,Black
images/val-4348.jpg,40-49,Female,Indian
images/val-859.jpg,60-69,Female,Indian
images/val-2077.jpg,20-29,Male,Indian
images/val-6898.jpg,30-39,Female,Latino_Hispanic
images/val-8620.jpg,20-29,Male,Southeast Asian
images/val-1863.jpg,20-29,Female,Indian
images/val-1042.jpg,3-9,Male,Indian
images/val-7803.jpg,50-59,Male,East Asian
images/val-7345.jpg,20-29,Male,Latino_Hispanic
images/val-5932.jpg,20-29,Female,Latino_Hispanic
images/val-8409.jpg,3-9,Male,Black
images/val-1787.jpg,20-29,Male,Latino_Hispanic
images/val-7406.jpg,more than 70,Female,Latino_Hispanic
images/val-8255.jpg,10-19,Female,White
images/val-3630.jpg,20-29,Female,Southeast Asian
images/val-711.jpg,50-59,Male,White
images/val-8544.jpg,40-49,Male,Latino_Hispanic
images/val-10249.jpg,20-29,Female,White
images/val-7505.jpg,3-9,Female,Middle Eastern
images/val-511.jpg,30-39,Male,Middle Eastern
images/val-997.jpg,10-19,Female,Indian
images/val-7848.jpg,20-29,Male,Black
images/val-6581.jpg,10-19,Male,Black
images/val-6985.jpg,30-39,Male,Black
images/val-1769.jpg,10-19,Male,East Asian
images/val-8033.jpg,3-9,Male,White
images/val-7268.jpg,10-19,Female,Indian
images/val-1205.jpg,20-29,Female,White
images/val-1324.jpg,3-9,Female,Black
images/val-5278.jpg,30-39,Male,Black
images/val-2431.jpg,40-49,Female,Middle Eastern
images/val-1077.jpg,20-29,Female,Indian
images/val-2068.jpg,50-59,Male,Middle Eastern
images/val-4506.jpg,20-29,Female,East Asian
images/val-10014.jpg,10-19,Female,Southeast Asian
images/val-8985.jpg,30-39,Female,East Asian
images/val-5328.jpg,30-39,Male,Southeast Asian
images/val-6241.jpg,50-59,Female,Latino_Hispanic
images/val-8693.jpg,60-69,Female,Black
images/val-4832.jpg,30-39,Male,Latino_Hispanic
images/val-10805.jpg,30-39,Male,Indian
images/val-8283.jpg,30-39,Male,Middle Eastern
images/val-7049.jpg,20-29,Male,Southeast Asian
images/val-1625.jpg,60-69,Male,White
images/val-10273.jpg,50-59,Male,White
images/val-9034.jpg,20-29,Female,Indian
images/val-3523.jpg,30-39,Female,Indian
images/val-7047.jpg,20-29,Male,East Asian
images/val-7399.jpg,30-39,Male,Latino_Hispanic
images/val-3744.jpg,0-2,Male,White
images/val-6780.jpg,40-49,Female,Black
images/val-5554.jpg,10-19,Female,Latino_Hispanic
images/val-7431.jpg,40-49,Male,Middle Eastern
images/val-6533.jpg,30-39,Male,East Asian
images/val-6816.jpg,20-29,Male,Black
images/val-1558.jpg,10-19,Female,Latino_Hispanic
images/val-5121.jpg,20-29,Female,East Asian
images/val-6993.jpg,30-39,Male,Southeast Asian
images/val-9613.jpg,50-59,Male,Southeast Asian
images/val-4177.jpg,10-19,Female,Indian
images/val-6133.jpg,50-59,Male,Latino_Hispanic
images/val-2501.jpg,10-19,Female,Latino_Hispanic
images/val-7771.jpg,40-49,Male,Indian
images/val-1100.jpg,20-29,Male,Black
images/val-10011.jpg,60-69,Female,White
images/val-1399.jpg,20-29,Female,White
images/val-9961.jpg,30-39,Male,Black
images/val-7076.jpg,50-59,Female,White
images/val-1583.jpg,40-49,Male,Indian
images/val-6106.jpg,50-59,Male,Middle Eastern
images/val-2132.jpg,20-29,Female,East Asian
images/val-9116.jpg,30-39,Male,Latino_Hispanic
images/val-983.jpg,30-39,Male,Latino_Hispanic
images/val-9202.jpg,40-49,Male,White
images/val-9203.jpg,3-9,Female,Indian
images/val-5401.jpg,40-49,Female,White
images/val-2003.jpg,10-19,Male,White
images/val-9911.jpg,3-9,Female,White
images/val-5794.jpg,30-39,Male,White
images/val-6930.jpg,20-29,Male,Middle Eastern
images/val-843.jpg,3-9,Male,East Asian
images/val-9836.jpg,30-39,Male,Latino_Hispanic
images/val-5120.jpg,30-39,Female,Southeast Asian
images/val-5762.jpg,20-29,Female,East Asian
images/val-10589.jpg,20-29,Female,White
images/val-9469.jpg,20-29,Male,East Asian
images/val-8314.jpg,30-39,Male,Middle Eastern
images/val-3486.jpg,20-29,Female,Black
images/val-2536.jpg,20-29,Female,Southeast Asian
images/val-7901.jpg,20-29,Female,Black
images/val-3675.jpg,10-19,Female,Latino_Hispanic
images/val-1774.jpg,3-9,Female,East Asian
images/val-5737.jpg,50-59,Male,Middle Eastern
images/val-9114.jpg,20-29,Female,Black
images/val-6023.jpg,20-29,Male,Middle Eastern
images/val-1883.jpg,20-29,Male,Middle Eastern
images/val-10504.jpg,20-29,Male,Black
images/val-9407.jpg,20-29,Female,Black
images/val-3706.jpg,0-2,Male,White
images/val-7031.jpg,60-69,Male,Southeast Asian
images/val-9191.jpg,40-49,Male,Latino_Hispanic
images/val-9122.jpg,20-29,Female,Indian
images/val-431.jpg,20-29,Female,Black
images/val-4382.jpg,20-29,Female,Middle Eastern
images/val-9865.jpg,30-39,Male,White
images/val-2956.jpg,20-29,Female,Latino_Hispanic
images/val-4478.jpg,3-9,Female,Middle Eastern
images/val-5063.jpg,40-49,Male,Middle Eastern
images/val-5568.jpg,40-49,Male,Black
images/val-5752.jpg,30-39,Female,White
images/val-101.jpg,30-39,Female,East Asian
images/val-2973.jpg,3-9,Female,Southeast Asian
images/val-2348.jpg,3-9,Female,White
images/val-9279.jpg,40-49,Male,White
images/val-6567.jpg,10-19,Male,Indian
images/val-1141.jpg,40-49,Female,Middle Eastern
images/val-2325.jpg,3-9,Female,Indian
images/val-503.jpg,40-49,Male,Black
images/val-1504.jpg,10-19,Female,Latino_Hispanic
images/val-8692.jpg,20-29,Female,Black
images/val-3525.jpg,20-29,Male,Indian
images/val-6164.jpg,40-49,Female,Southeast Asian
images/val-6879.jpg,20-29,Male,Latino_Hispanic
images/val-9731.jpg,50-59,Male,Black
images/val-5586.jpg,3-9,Male,Middle Eastern
images/val-2579.jpg,30-39,Male,Middle Eastern
images/val-6063.jpg,20-29,Male,Indian
images/val-5106.jpg,40-49,Male,Black
images/val-9863.jpg,30-39,Female,Indian
images/val-9300.jpg,10-19,Female,East Asian
images/val-1392.jpg,30-39,Male,Indian
images/val-862.jpg,3-9,Male,Latino_Hispanic
images/val-2550.jpg,30-39,Male,Indian
images/val-10649.jpg,3-9,Male,White
images/val-816.jpg,20-29,Male,Indian
images/val-1337.jpg,10-19,Male,East Asian
images/val-4459.jpg,30-39,Male,Indian
images/val-7260.jpg,30-39,Male,Southeast Asian
images/val-6948.jpg,30-39,Male,Black
images/val-7958.jpg,30-39,Male,Middle Eastern
images/val-9979.jpg,0-2,Female,Southeast Asian
images/val-6786.jpg,30-39,Male,Latino_Hispanic
images/val-4476.jpg,30-39,Female,Latino_Hispanic
images/val-3532.jpg,20-29,Female,Indian
images/val-8395.jpg,20-29,Male,East Asian
images/val-1865.jpg,10-19,Male,Black
images/val-5656.jpg,40-49,Male,East Asian
images/val-10441.jpg,30-39,Male,Southeast Asian
images/val-1817.jpg,40-49,Female,Latino_Hispanic
images/val-4641.jpg,40-49,Male,Middle Eastern
images/val-7973.jpg,20-29,Female,East Asian
images/val-8634.jpg,20-29,Male,Black
images/val-5054.jpg,20-29,Male,Black
images/val-745.jpg,20-29,Male,White
images/val-3613.jpg,10-19,Female,Indian
images/val-6476.jpg,30-39,Male,White
images/val-898.jpg,40-49,Female,Indian
images/val-126.jpg,40-49,Male,White
images/val-3350.jpg,40-49,Male,Latino_Hispanic
images/val-4939.jpg,30-39,Female,East Asian
images/val-3461.jpg,20-29,Male,Black
images/val-2249.jpg,3-9,Male,East Asian
images/val-4187.jpg,30-39,Male,East Asian
images/val-4743.jpg,30-39,Male,East Asian
images/val-5376.jpg,30-39,Male,East Asian
images/val-1966.jpg,40-49,Female,Indian
images/val-127.jpg,20-29,Female,East Asian
images/val-8150.jpg,40-49,Female,East Asian
images/val-7056.jpg,20-29,Female,Latino_Hispanic
images/val-2879.jpg,30-39,Male,Southeast Asian
images/val-2117.jpg,40-49,Male,Middle Eastern
images/val-6230.jpg,30-39,Male,Black
images/val-8726.jpg,50-59,Female,White
images/val-9805.jpg,20-29,Male,White
images/val-8197.jpg,30-39,Male,East Asian
images/val-9155.jpg,40-49,Male,Middle Eastern
images/val-5803.jpg,10-19,Male,East Asian
images/val-1181.jpg,30-39,Male,Indian
images/val-6506.jpg,3-9,Male,East Asian
images/val-694.jpg,30-39,Female,Latino_Hispanic
images/val-7148.jpg,30-39,Male,Indian
images/val-308.jpg,20-29,Female,White
images/val-10231.jpg,50-59,Female,Latino_Hispanic
images/val-1276.jpg,10-19,Female,East Asian
images/val-5130.jpg,20-29,Female,Middle Eastern
images/val-10257.jpg,50-59,Male,Indian
images/val-7034.jpg,30-39,Male,East Asian
images/val-9395.jpg,20-29,Female,East Asian
images/val-6627.jpg,3-9,Male,Southeast Asian
images/val-6844.jpg,30-39,Male,Middle Eastern
images/val-4744.jpg,20-29,Male,Latino_Hispanic
images/val-1888.jpg,20-29,Male,Indian
images/val-6637.jpg,30-39,Male,Black
images/val-342.jpg,50-59,Male,Middle Eastern
images/val-5322.jpg,20-29,Male,Indian
images/val-2816.jpg,30-39,Female,White
images/val-7539.jpg,30-39,Female,Indian
images/val-5929.jpg,10-19,Male,Black
images/val-1444.jpg,20-29,Male,White
images/val-7156.jpg,50-59,Female,Black
images/val-1735.jpg,20-29,Female,Indian
images/val-10177.jpg,30-39,Female,East Asian
images/val-7139.jpg,40-49,Female,Middle Eastern
images/val-6561.jpg,20-29,Female,Indian
images/val-8585.jpg,30-39,Male,Middle Eastern
images/val-1289.jpg,3-9,Female,White
images/val-9812.jpg,30-39,Female,Indian
images/val-5084.jpg,10-19,Male,East Asian
images/val-5563.jpg,50-59,Male,White
images/val-10179.jpg,50-59,Female,White
images/val-5457.jpg,30-39,Male,White
images/val-2755.jpg,30-39,Male,Southeast Asian
images/val-1252.jpg,40-49,Male,White
images/val-8364.jpg,3-9,Female,Middle Eastern
images/val-1869.jpg,20-29,Male,Black
